{
    "0": 0.9624999761581421,
    "10": 0.9134615659713745,
    "20": 0.8395721912384033,
    "30": 0.8476904034614563,
    "40": 0.8355464935302734,
    "50": 0.8431174159049988,
    "60": 0.8353535532951355,
    "70": 0.8111110925674438,
    "80": 0.5597345232963562,
    "90": 0.09090909361839294
}