{
    "0": 0.9624999761581421,
    "10": 0.8653846383094788,
    "20": 0.8520498871803284,
    "30": 0.8664169907569885,
    "40": 0.8345250487327576,
    "50": 0.7368420958518982,
    "60": 0.5090909004211426,
    "70": 0.2353535294532776,
    "80": 0.08407079428434372,
    "90": 0.012121211737394333
}