{
    "0": 1.0,
    "10": 0.9038461446762085,
    "20": 0.8983957171440125,
    "30": 0.8626716732978821,
    "40": 0.7405515909194946,
    "50": 0.4858299493789673,
    "60": 0.2585858702659607,
    "70": 0.10505050420761108,
    "80": 0.029867256060242653,
    "90": 0.020202020183205605
}