{
    "0": 0.9375,
    "10": 0.8846153616905212,
    "20": 0.8270944952964783,
    "30": 0.8426966071128845,
    "40": 0.8263534307479858,
    "50": 0.8340080976486206,
    "60": 0.8313131332397461,
    "70": 0.8222222328186035,
    "80": 0.8163716793060303,
    "90": 0.7010101079940796
}